0,https://vignette.wikia.nocookie.net/hunterxhunter/images/5/54/Ruler%27s_Blessing_%28G.I_card%29_%3Dscan%3D.png/revision/latest?cb=20131202170452
1,https://vignette.wikia.nocookie.net/hunterxhunter/images/e/e5/Patch_of_Forest_%28G.I_card%29_%3Dscan%3D.png/revision/latest?cb=20131202201652
2,https://vignette.wikia.nocookie.net/hunterxhunter/images/b/be/Patch_of_Shore_%28G.I_card%29_%3Dscan%3D.png/revision/latest?cb=20131202204353
3,https://vignette.wikia.nocookie.net/hunterxhunter/images/3/3d/Pitcher_of_Eternal_Water_%28G.I_card%29_%3Dscan%3D.png/revision/latest?cb=20131202205733
4,https://vignette.wikia.nocookie.net/hunterxhunter/images/c/cf/Skin_Care_Hot_Springs_%28G.I_card%29_%3Dscan%3D.png/revision/latest?cb=20131202211313
5,https://vignette.wikia.nocookie.net/hunterxhunter/images/1/1d/Spirited_Away_Hollow_%28G.I_card%29_%3Dscan%3D.png/revision/latest?cb=20131202212945
6,https://vignette.wikia.nocookie.net/hunterxhunter/images/a/a2/Liquor_Spring_%28G.I_card%29_%3Dscan%3D.png/revision/latest?cb=20131202222422
7,https://vignette.wikia.nocookie.net/hunterxhunter/images/c/cb/Pregnancy_Stones_%28G.I_card%29_%3Dscan%3D.png/revision/latest?cb=20131202223934
8,https://vignette.wikia.nocookie.net/hunterxhunter/images/9/94/Mystery_Pond_%28G.I_card%29_%3Dscan%3D.png/revision/latest?cb=20131202225348
9,https://vignette.wikia.nocookie.net/hunterxhunter/images/0/0c/Tree_of_Plenty_%28G.I_card%29_%3Dscan%3D.png/revision/latest?cb=20150922083047
10,https://vignette.wikia.nocookie.net/hunterxhunter/images/9/97/Golden_Guidebook_%28G.I_card%29_%3Dscan%3D.png/revision/latest?cb=20150922185339
11,https://vignette.wikia.nocookie.net/hunterxhunter/images/6/6d/Golden_Scales_%28G.I_card%29_%3Dscan%3D.png/revision/latest?cb=20131202232202
12,https://vignette.wikia.nocookie.net/hunterxhunter/images/6/60/Golden_Dictionary_%28G.I_card%29_%3Dscan%3D.png/revision/latest?cb=20131203203440
13,https://vignette.wikia.nocookie.net/hunterxhunter/images/5/54/Luck_Bankbook_%28G.I_card%29_%3Dscan%3D.png/revision/latest?cb=20150922085413
14,https://vignette.wikia.nocookie.net/hunterxhunter/images/5/5f/Connection_Severing_Scissors_%28G.I_card%29_%3Dscan%3D.png/revision/latest?cb=20131203210541
15,https://vignette.wikia.nocookie.net/hunterxhunter/images/0/01/Fickle_Genie_%28G.I_card%29_%3Dscan%3D.png/revision/latest?cb=20131203211833
16,https://vignette.wikia.nocookie.net/hunterxhunter/images/9/95/Fairy_King%27s_Advice_%28G.I_card%29_%3Dscan%3D.png/revision/latest?cb=20131203213136
17,https://vignette.wikia.nocookie.net/hunterxhunter/images/a/a1/Breath_of_Archangel_%28G.I_card%29_%3Dscan%3D.png/revision/latest?cb=20131203214616
18,https://vignette.wikia.nocookie.net/hunterxhunter/images/8/86/Imp%27s_Wink_%28G.I_card%29_%3Dscan%3D.png/revision/latest?cb=20131203220159
19,https://vignette.wikia.nocookie.net/hunterxhunter/images/e/ee/Poltergeist_Pillow_%28G.I_card%29_%3Dscan%3D.png/revision/latest?cb=20150922084902
20,https://vignette.wikia.nocookie.net/hunterxhunter/images/d/d1/Mood_Clock_%28G.I_card%29_%3Dscan%3D.png/revision/latest?cb=20131203222652
21,https://vignette.wikia.nocookie.net/hunterxhunter/images/a/a5/X-Ray_Goggles_%28G.I_card%29_%3Dscan%3D.png/revision/latest?cb=20131206155034
22,https://vignette.wikia.nocookie.net/hunterxhunter/images/f/fd/Toraemon_%28G.I_card%29_%3Dscan%3D.png/revision/latest?cb=20131209225908
23,https://vignette.wikia.nocookie.net/hunterxhunter/images/2/24/Tome_of_a_Thousand_Tales_%28G.I_card%29_%3Dscan%3D.png/revision/latest?cb=20131209230724
24,https://vignette.wikia.nocookie.net/hunterxhunter/images/a/ab/Hypothetical_T.V._%28G.I_card%29_%3Dscan%3D.png/revision/latest?cb=20131209231224
25,https://vignette.wikia.nocookie.net/hunterxhunter/images/1/1c/Risky_Dice_%28G.I_card%29_%3Dscan%3D.png/revision/latest?cb=20150922084401
26,https://vignette.wikia.nocookie.net/hunterxhunter/images/7/78/Night_Shift_Dwarves_%28G.I_card%29_%3Dscan%3D.png/revision/latest?cb=20150922085215
27,https://vignette.wikia.nocookie.net/hunterxhunter/images/0/06/Book_of_V.I.P_Passes_%28G.I_card%29_%3Dscan%3D.png/revision/latest?cb=20131209234347
28,https://vignette.wikia.nocookie.net/hunterxhunter/images/8/8b/Capricious_Remote_%28G.I_card%29_%3Dscan%3D.png/revision/latest?cb=20131209235218
29,https://vignette.wikia.nocookie.net/hunterxhunter/images/2/2c/Pre-Order_Vouchers_%28G.I_card%29_%3Dscan%3D.png/revision/latest?cb=20131210000031
30,https://vignette.wikia.nocookie.net/hunterxhunter/images/c/c3/Favor_Cushion_%28G.I_card%29_%3Dscan%3D.png/revision/latest?cb=20131226170845
31,https://vignette.wikia.nocookie.net/hunterxhunter/images/8/89/Double_Postcard_to_the_Dead_%28G.I_card%29_%3Dscan%3D.png/revision/latest?cb=20131226172404
32,https://vignette.wikia.nocookie.net/hunterxhunter/images/7/7c/Parrot_Candy_%28G.I_card%29_%3Dscan%3D.png/revision/latest?cb=20131226173448
33,https://vignette.wikia.nocookie.net/hunterxhunter/images/7/7c/Hormone_Cookies_%28G.I_card%29_%3Dscan%3D.png/revision/latest?cb=20131226174720
34,https://vignette.wikia.nocookie.net/hunterxhunter/images/d/d7/Universal_Survey_%28G.I_card%29_%3Dscan%3D.png/revision/latest?cb=20131226183647
35,https://vignette.wikia.nocookie.net/hunterxhunter/images/a/af/Chameleon_Cat_%28G.I_card%29_%3Dscan%3D.png/revision/latest?cb=20131226185524
36,https://vignette.wikia.nocookie.net/hunterxhunter/images/7/7e/Recycling_Room_%28G.I_card%29_%3Dscan%3D.png/revision/latest?cb=20140101190757
37,https://vignette.wikia.nocookie.net/hunterxhunter/images/e/e3/Fledgling_Athlete_%28G.I_card%29.png/revision/latest?cb=20140101193712
38,https://vignette.wikia.nocookie.net/hunterxhunter/images/f/f9/Fledgling_Artist_%28G.I_card%29_%3Dscan%3D.png/revision/latest?cb=20150922185756
39,https://vignette.wikia.nocookie.net/hunterxhunter/images/9/93/Fledgling_Politician_%28G.I_card%29_%3Dscan%3D.png/revision/latest?cb=20140109173015
40,https://vignette.wikia.nocookie.net/hunterxhunter/images/4/4a/Fledgling_Musician_%28G.I_card%29_%3Dscan%3D.png/revision/latest?cb=20150922185526
41,https://vignette.wikia.nocookie.net/hunterxhunter/images/6/6b/Fledgling_Pilot_%28G.I_card%29_%3Dscan%3D.png/revision/latest?cb=20140120170302
42,https://vignette.wikia.nocookie.net/hunterxhunter/images/7/7d/Fledgling_Novelist_%28G.I_card%29_%3Dscan%3D.png/revision/latest?cb=20140120200530
43,https://vignette.wikia.nocookie.net/hunterxhunter/images/8/89/Fledgling_Gambler_%28G.I_card%29_%3Dscan%3D.png/revision/latest?cb=20140120200741
44,https://vignette.wikia.nocookie.net/hunterxhunter/images/b/b0/Fledgling_Actor_%28G.I_card%29_%3Dscan%3D.png/revision/latest?cb=20140120201217
45,https://vignette.wikia.nocookie.net/hunterxhunter/images/f/f2/Fledgling_CEO_%28G.I_card%29_%3Dscan%3D.png/revision/latest?cb=20140120201507
46,https://vignette.wikia.nocookie.net/hunterxhunter/images/7/7d/Gold_Dust_Girl_%28G.I_card%29_%3Dscan%3D.png/revision/latest?cb=20140120201645
47,https://vignette.wikia.nocookie.net/hunterxhunter/images/6/67/Sleeping_Girl_%28G.I_card%29_%3Dscan%3D.png/revision/latest?cb=20140120201856
48,https://vignette.wikia.nocookie.net/hunterxhunter/images/0/0c/Aromatherapy_Girl_%28G.I_card%29_%3Dscan%3D.png/revision/latest?cb=20140120202013
49,https://vignette.wikia.nocookie.net/hunterxhunter/images/8/8e/Miniature_Mermaid_%28G.I_card%29_%3Dscan%3D.png/revision/latest?cb=20140120202209
50,https://vignette.wikia.nocookie.net/hunterxhunter/images/9/97/Miniature_Dino_%28G.I_card%29_%3Dscan%3D.png/revision/latest?cb=20140120202353
51,https://vignette.wikia.nocookie.net/hunterxhunter/images/7/7f/Miniature_Dragon_%28G.I_card%29_%3Dscan%3D.png/revision/latest?cb=20140120202531
52,https://vignette.wikia.nocookie.net/hunterxhunter/images/7/7c/Pearl_Locusts_%28G.I_card%29_%3Dscan%3D.png/revision/latest?cb=20140120202856
53,https://vignette.wikia.nocookie.net/hunterxhunter/images/7/7e/King_Great_White_Beetle_%28G.I_card%29_%3Dscan%3D.png/revision/latest?cb=20140120203109
54,https://vignette.wikia.nocookie.net/hunterxhunter/images/0/07/Millennium_Butterfly_%28G.I_card%29_%3Dscan%3D.png/revision/latest?cb=20140120203223
55,https://vignette.wikia.nocookie.net/hunterxhunter/images/0/05/Revenge_Shop_%28G.I_card%29_%3Dscan%3D.png/revision/latest?cb=20150922084613
56,https://vignette.wikia.nocookie.net/hunterxhunter/images/f/fd/Perfect_Memory_Studio_%28G.I_card%29_%3Dscan%3D.png/revision/latest?cb=20150922085048
57,https://vignette.wikia.nocookie.net/hunterxhunter/images/7/72/Hideout_Realtor_%28G.I_card%29_%3Dscan%3D.png/revision/latest?cb=20140120204019
58,https://vignette.wikia.nocookie.net/hunterxhunter/images/c/c2/Secrets_Video_Rental_%28G.I_card%29_%3Dscan%3D.png/revision/latest?cb=20150922084232
59,https://vignette.wikia.nocookie.net/hunterxhunter/images/6/63/Instant_Foreign_Language_School_%28G.I_card%29_%3Dscan%3D.png/revision/latest?cb=20140120204402
60,https://vignette.wikia.nocookie.net/hunterxhunter/images/9/9e/Long_Lost_Delivery_%28G.I_card%29_%3Dscan%3D.png/revision/latest?cb=20140217171858
61,https://vignette.wikia.nocookie.net/hunterxhunter/images/3/3f/Vending_Check-Up_%28G.I_card%29_%3Dscan%3D.png/revision/latest?cb=20140217172215
62,https://vignette.wikia.nocookie.net/hunterxhunter/images/6/6c/Club_%22You_Rule%22_%28G.I_card%29_%3Dscan%3D.png/revision/latest?cb=20140217172506
63,https://vignette.wikia.nocookie.net/hunterxhunter/images/5/57/Virtual_Restaurant_%28G.I_card%29_%3Dscan%3D.png/revision/latest?cb=20140217172900
64,https://vignette.wikia.nocookie.net/hunterxhunter/images/9/9f/Witch%27s_Love_Potion_%28G.I_card%29_%3Dscan%3D.png/revision/latest?cb=20140217173131
65,https://vignette.wikia.nocookie.net/hunterxhunter/images/0/03/Witch%27s_Rejuvenation_Potion_%28G.I_card%29_%3Dscan%3D.png/revision/latest?cb=20140217173315
66,https://vignette.wikia.nocookie.net/hunterxhunter/images/b/be/Witch%27s_Diet_Pills_%28G.I_card%29_%3Dscan%3D.png/revision/latest?cb=20140217173615
67,https://vignette.wikia.nocookie.net/hunterxhunter/images/2/2c/Doyen%27s_Growth_Pills_%28G.I_card%29_%3Dscan%3D.png/revision/latest?cb=20140217173916
68,https://vignette.wikia.nocookie.net/hunterxhunter/images/0/00/Doyen%27s_Virility_Pills_%28G.I_card%29_%3Dscan%3D.png/revision/latest?cb=20140217174916
69,https://vignette.wikia.nocookie.net/hunterxhunter/images/b/bd/Doyen%27s_Hair_Restorer_%28G.I_card%29_%3Dscan%3D.png/revision/latest?cb=20140217175148
70,https://vignette.wikia.nocookie.net/hunterxhunter/images/1/1c/Mad_Scientist%27s_Steroids_%28G.I_card%29_%3Dscan%3D.png/revision/latest?cb=20140217175538
71,https://vignette.wikia.nocookie.net/hunterxhunter/images/6/63/Mad_Scientist%27s_Pheromones_%28G.I_card%29_%3Dscan%3D.png/revision/latest?cb=20140217175634
72,https://vignette.wikia.nocookie.net/hunterxhunter/images/4/4e/Mad_Scientist%27s_Plastic_Surgery_%28G.I_card%29_%3Dscan%3D.png/revision/latest?cb=20140217175848
73,https://vignette.wikia.nocookie.net/hunterxhunter/images/8/8f/Night_Jade_%28G.I_card%29_%3Dscan%3D.png/revision/latest?cb=20150922085333
74,https://vignette.wikia.nocookie.net/hunterxhunter/images/2/21/Sage%27s_Aquamarine_%28G.I_card%29_%3Dscan%3D.png/revision/latest?cb=20140217180412
75,https://vignette.wikia.nocookie.net/hunterxhunter/images/7/70/Wild_Luck_Alexandrite_%28G.I_card%29_%3Dscan%3D.png/revision/latest?cb=20140217180624
76,https://vignette.wikia.nocookie.net/hunterxhunter/images/f/f8/Roaming_Ruby_%28G.I_card%29_%3Dscan%3D.png/revision/latest?cb=20140217181645
77,https://vignette.wikia.nocookie.net/hunterxhunter/images/e/ef/Beauty_Magnet_Emerald_%28G.I_card%29_%3Dscan%3D.png/revision/latest?cb=20140217181908
78,https://vignette.wikia.nocookie.net/hunterxhunter/images/8/8e/Lonely_Sapphire_%28G.I_card%29_%3Dscan%3D.png/revision/latest?cb=20140217182112
79,https://vignette.wikia.nocookie.net/hunterxhunter/images/8/88/Rainbow_Diamond_%28G.I_card%29_%3Dscan%3D.png/revision/latest?cb=20150922084759
80,https://vignette.wikia.nocookie.net/hunterxhunter/images/e/ef/Levitation_Stone_%28G.I_card%29_%3Dscan%3D.png/revision/latest?cb=20140217182534
81,https://vignette.wikia.nocookie.net/hunterxhunter/images/8/87/Blue_Planet_%28G.I_card%29_%3Dscan%3D.png/revision/latest?cb=20140217182737
82,https://vignette.wikia.nocookie.net/hunterxhunter/images/8/87/Staff_of_Judgement_%28G.I_card%29_%3Dscan%3D.png/revision/latest?cb=20140217182955
83,https://vignette.wikia.nocookie.net/hunterxhunter/images/0/0f/Sword_of_Truth_%28G.I_card%29_%3Dscan%3D.png/revision/latest?cb=20140217183207
84,https://vignette.wikia.nocookie.net/hunterxhunter/images/f/f7/Paladin%27s_Necklace_%28G.I_card%29_%3Dscan%3D.png/revision/latest?cb=20140217184231
85,https://vignette.wikia.nocookie.net/hunterxhunter/images/9/9d/Sacrifice_Armor_%28G.I_card%29_%3Dscan%3D.png/revision/latest?cb=20140217184449
86,https://vignette.wikia.nocookie.net/hunterxhunter/images/5/52/Quiver_of_Frustration_%28G.I_card%29_%3Dscan%3D.png/revision/latest?cb=20140217184657
87,https://vignette.wikia.nocookie.net/hunterxhunter/images/7/72/Shield_of_Faith_%28G.I_card%29_%3Dscan%3D.png/revision/latest?cb=20140217184853
88,https://vignette.wikia.nocookie.net/hunterxhunter/images/b/b7/Eternal_Hammer_%28G.I_card%29_%3Dscan%3D.png/revision/latest?cb=20140217185111
89,https://vignette.wikia.nocookie.net/hunterxhunter/images/6/6b/Tax_Collector%27s_Gauntlet_%28G.I_card%29_%3Dscan%3D.png/revision/latest?cb=20140217185309
90,https://vignette.wikia.nocookie.net/hunterxhunter/images/5/58/Memory_Helmet_%28G.I_card%29_%3Dscan%3D.png/revision/latest?cb=20140217185602
91,https://vignette.wikia.nocookie.net/hunterxhunter/images/c/c3/Plastic_King_%28G.I_card%29_%3Dscan%3D.png/revision/latest?cb=20140217185800
92,https://vignette.wikia.nocookie.net/hunterxhunter/images/0/07/Swap_Ticket_%28G.I_card%29_%3Dscan%3D.png/revision/latest?cb=20140217190839
93,https://vignette.wikia.nocookie.net/hunterxhunter/images/b/b7/Book_of_Life_%28G.I_card%29_%3Dscan%3D.png/revision/latest?cb=20140217191101
94,https://vignette.wikia.nocookie.net/hunterxhunter/images/c/ca/Bandit%27s_Blade_%28G.I_card%29_%3Dscan%3D.png/revision/latest?cb=20140217191313
95,https://vignette.wikia.nocookie.net/hunterxhunter/images/1/19/Secret_Cape_%28G.I_card%29_%3Dscan%3D.png/revision/latest?cb=20140217191526
96,https://vignette.wikia.nocookie.net/hunterxhunter/images/d/de/Clairvoyant_Snake_%28G.I_card%29_%3Dscan%3D.png/revision/latest?cb=20140217191825
97,https://vignette.wikia.nocookie.net/hunterxhunter/images/d/df/3-D_Camera_%28G.I_card%29_%3Dscan%3D.png/revision/latest?cb=20140217192025
98,https://vignette.wikia.nocookie.net/hunterxhunter/images/7/7e/Silver_Dog_%28G.I_card%29_%3Dscan%3D.png/revision/latest?cb=20140217192230
99,https://vignette.wikia.nocookie.net/hunterxhunter/images/2/2f/Panda_Maid_%28G.I_card%29_%3Dscan%3D.png/revision/latest?cb=20140217192420
100,https://vignette.wikia.nocookie.net/hunterxhunter/images/3/32/Map_%27empty%27_%28G.I_card%29_%3Dscan%3D.png/revision/latest?cb=20190116022319
101,https://vignette.wikia.nocookie.net/hunterxhunter/images/4/43/Map_%27detail%27_%28G.I_card%29_%3Dscan%3D.png/revision/latest?cb=20190116022531
102,https://vignette.wikia.nocookie.net/hunterxhunter/images/0/0f/Voucher_%28G.I_card%29.png/revision/latest?cb=20130815223937
110,https://vignette.wikia.nocookie.net/hunterxhunter/images/7/7c/110_Ruler%27s_Invitation_v2.png/revision/latest?cb=20130815224516
163,https://vignette.wikia.nocookie.net/hunterxhunter/images/6/6a/Sick_Villagers_%28G.I_card%29_%3Dscan%3D.png/revision/latest?cb=20190116022629
263,https://vignette.wikia.nocookie.net/hunterxhunter/images/3/3a/Healthy_Villagers_%28G.I_card%29_%3Dscan%3D.png/revision/latest?cb=20190116022717
266,https://vignette.wikia.nocookie.net/hunterxhunter/images/9/99/Passage_Ticket_%28G.I_card%29_%3Dscan%3D.png/revision/latest?cb=20190116022748
572,https://vignette.wikia.nocookie.net/hunterxhunter/images/6/6c/Giant_Cyclops_%28G.I_card%29_%3Dscan%3D.png/revision/latest?cb=20190115232937
585,https://vignette.wikia.nocookie.net/hunterxhunter/images/3/32/Bubble_Horse_%28G.I_card%29_%3Dscan%3D.png/revision/latest?cb=20190115235631
598,https://vignette.wikia.nocookie.net/hunterxhunter/images/8/87/Chief_of_Wolf_Pack_%28G.I_card%29_%3Dscan%3D.png/revision/latest?cb=20190116002107
607,https://vignette.wikia.nocookie.net/hunterxhunter/images/0/0f/10000J_%28G.I_Card_Manga%29_%3Den%3D.png/revision/latest?cb=20131127225601
673,https://vignette.wikia.nocookie.net/hunterxhunter/images/3/3e/Hyper_Puffball_%28G.I_card%29_%3Dscan%3D.png/revision/latest?cb=20190116005850
697,https://vignette.wikia.nocookie.net/hunterxhunter/images/b/b9/Melanin_Lizard_%28G.I_card%29_%3Dscan%3D.png/revision/latest?cb=20190116011250
711,https://vignette.wikia.nocookie.net/hunterxhunter/images/6/6e/Radio_Rat_%28G.I_card%29_%3Dscan%3D.png/revision/latest?cb=20190116012343
1217,https://vignette.wikia.nocookie.net/hunterxhunter/images/2/23/Galgaida_%28G.I_card%29.png/revision/latest?cb=20130816133702
14170,https://vignette.wikia.nocookie.net/hunterxhunter/images/8/8b/Gasoline_%28G.I_card%29_%3Dscan%3D.png/revision/latest?cb=20190116021643
21449,https://vignette.wikia.nocookie.net/hunterxhunter/images/a/a8/Rock_%28G.I_card%29.png/revision/latest?cb=20130816134835
25008,https://vignette.wikia.nocookie.net/hunterxhunter/images/c/ce/Large_Rock_%28G.I_card%29_%3Dscan%3D.png/revision/latest?cb=20190117194603
1001,https://vignette.wikia.nocookie.net/hunterxhunter/images/2/24/Steal_%28G.I_card%29_%3Dscan%3D.png/revision/latest?cb=20190222041028
1002,https://vignette.wikia.nocookie.net/hunterxhunter/images/b/be/Fluroscopy_%28G.I_card%29_%3Dscan%3D.png/revision/latest?cb=20190222041056
1003,https://vignette.wikia.nocookie.net/hunterxhunter/images/c/c5/Defensive_Wall_%28G.I_card%29_%3Dscan%3D.png/revision/latest?cb=20190222041109
1004,https://vignette.wikia.nocookie.net/hunterxhunter/images/8/89/Reflection_%28G.I_card%29_%3Dscan%3D.png/revision/latest?cb=20190222041129
1005,https://vignette.wikia.nocookie.net/hunterxhunter/images/c/cc/Magnetic_Force_%28G.I_card%29_%3Dscan%3D.png/revision/latest?cb=20190222041148
1006,https://vignette.wikia.nocookie.net/hunterxhunter/images/e/e6/Pick_Pocket_%28G.I_card%29_%3Dscan%3D.png/revision/latest?cb=20190222041204
1007,https://vignette.wikia.nocookie.net/hunterxhunter/images/0/0b/Thief_%28G.I_card%29_%3Dscan%3D.png/revision/latest?cb=20190222041220
1008,https://vignette.wikia.nocookie.net/hunterxhunter/images/a/a4/Trade_%28G.I_card%29_%3Dscan%3D.png/revision/latest?cb=20190222041239
1009,https://vignette.wikia.nocookie.net/hunterxhunter/images/4/45/Return_%28G.I_card%29_%3Dscan%3D.png/revision/latest?cb=20190222041252
1010,https://vignette.wikia.nocookie.net/hunterxhunter/images/c/c2/Transform_%28G.I_card%29_%3Dscan%3D.png/revision/latest?cb=20190222041307
1011,https://vignette.wikia.nocookie.net/hunterxhunter/images/a/af/Clone_%28G.I_card%29_%3Dscan%3D.png/revision/latest?cb=20190222041417
1012,https://vignette.wikia.nocookie.net/hunterxhunter/images/c/cd/Railguide_%28G.I_card%29_%3Dscan%3D.png/revision/latest?cb=20190222041428
1013,https://vignette.wikia.nocookie.net/hunterxhunter/images/7/71/Departure_%28G.I_card%29_%3Dscan%3D.png/revision/latest?cb=20190222041443
1014,https://vignette.wikia.nocookie.net/hunterxhunter/images/0/0f/Leap_%28G.I_card%29_%3Dscan%3D.png/revision/latest?cb=20190222041456
1015,https://vignette.wikia.nocookie.net/hunterxhunter/images/0/03/Sightvision_Rule_%28G.I_card%29_%3Dscan%3D.png/revision/latest?cb=20190222041510
1016,https://vignette.wikia.nocookie.net/hunterxhunter/images/8/8a/Drift_%28G.I_card%29_%3Dscan%3D.png/revision/latest?cb=20190222041523
1017,https://vignette.wikia.nocookie.net/hunterxhunter/images/3/3c/Collision_%28G.I_card%29_%3Dscan%3D.png/revision/latest?cb=20190222041539
1018,https://vignette.wikia.nocookie.net/hunterxhunter/images/4/42/Levy_%28G.I_card%29_%3Dscan%3D.png/revision/latest?cb=20190222041550
1019,https://vignette.wikia.nocookie.net/hunterxhunter/images/5/57/Castle_Gate_%28G.I_card%29_%3Dscan%3D.png/revision/latest?cb=20190222041604
1020,https://vignette.wikia.nocookie.net/hunterxhunter/images/e/ef/Fake_%28G.I_card%29_%3Dscan%3D.png/revision/latest?cb=20190222041616
1021,https://vignette.wikia.nocookie.net/hunterxhunter/images/f/fc/Rob_%28G.I_card%29_%3Dscan%3D.png/revision/latest?cb=20190222041731
1022,https://vignette.wikia.nocookie.net/hunterxhunter/images/e/e7/Corruption_%28G.I_card%29_%3Dscan%3D.png/revision/latest?cb=20190222041745
1023,https://vignette.wikia.nocookie.net/hunterxhunter/images/c/c2/Compromise_%28G.I_card%29_%3Dscan%3D.png/revision/latest?cb=20190222041759
1024,https://vignette.wikia.nocookie.net/hunterxhunter/images/c/ce/Penetrate_%28G.I_card%29_%3Dscan%3D.png/revision/latest?cb=20190222041814
1025,https://vignette.wikia.nocookie.net/hunterxhunter/images/9/97/Blackout_Curtain_%28G.I_card%29_%3Dscan%3D.png/revision/latest?cb=20190222041827
1026,https://vignette.wikia.nocookie.net/hunterxhunter/images/a/a0/Holy_Water_%28G.I_card%29_%3Dscan%3D.png/revision/latest?cb=20190222041839
1027,https://vignette.wikia.nocookie.net/hunterxhunter/images/d/d1/Trace_%28G.I_card%29_%3Dscan%3D.png/revision/latest?cb=20190222041852
1028,https://vignette.wikia.nocookie.net/hunterxhunter/images/9/92/Stone_Throw_%28G.I_card%29_%3Dscan%3D.png/revision/latest?cb=20190222041906
1029,https://vignette.wikia.nocookie.net/hunterxhunter/images/f/f9/Shot_%28G.I_card%29_%3Dscan%3D.png/revision/latest?cb=20190222041920
1030,https://vignette.wikia.nocookie.net/hunterxhunter/images/0/00/Guidepost_%28G.I_card%29_%3Dscan%3D.png/revision/latest?cb=20190222041932
1031,https://vignette.wikia.nocookie.net/hunterxhunter/images/5/59/Analysis_%28G.I_card%29_%3Dscan%3D.png/revision/latest?cb=20190222042051
1032,https://vignette.wikia.nocookie.net/hunterxhunter/images/a/a8/Lottery_%28G.I_card%29_%3Dscan%3D.png/revision/latest?cb=20190222042102
1033,https://vignette.wikia.nocookie.net/hunterxhunter/images/d/dc/Adhesion_Rule_%28G.I_card%29_%3Dscan%3D.png/revision/latest?cb=20190222042114
1034,https://vignette.wikia.nocookie.net/hunterxhunter/images/5/5c/Purify_%28G.I_card%29_%3Dscan%3D.png/revision/latest?cb=20190222042125
1035,https://vignette.wikia.nocookie.net/hunterxhunter/images/c/cd/Prison_%28G.I_card%29_%3Dscan%3D.png/revision/latest?cb=20190222053208
1036,https://vignette.wikia.nocookie.net/hunterxhunter/images/e/e4/God_Eye_%28G.I_card%29_%3Dscan%3D.png/revision/latest?cb=20190222053229
1037,https://vignette.wikia.nocookie.net/hunterxhunter/images/6/61/Recycle_%28G.I_card%29_%3Dscan%3D.png/revision/latest?cb=20190222042206
1038,https://vignette.wikia.nocookie.net/hunterxhunter/images/0/09/List_%28G.I_card%29_%3Dscan%3D.png/revision/latest?cb=20190222042219
1039,https://vignette.wikia.nocookie.net/hunterxhunter/images/a/a5/Accompany_%28G.I_card%29_%3Dscan%3D.png/revision/latest?cb=20190222042230
1040,https://vignette.wikia.nocookie.net/hunterxhunter/images/b/b1/Contact_%28G.I_card%29_%3Dscan%3D.png/revision/latest?cb=20190222042242
